{
  "YOLOX Detections only": {
    "metrics": {
      "total_frames": 956,
      "total_gt_detections": 4073,
      "total_pred_detections": 6590,
      "true_positives": 2884,
      "false_positives": 3706,
      "false_negatives": 1189,
      "precision": 0.4376327769347496,
      "recall": 0.708077584090351,
      "f1_score": 0.540935946731689,
      "mota": -0.20181684262214583,
      "avg_iou": 0.7989480362001774,
      "unique_pred_ids": 9,
      "avg_pred_per_frame": 6.893305439330544,
      "fragmentation_ratio": 1.3056145675265554,
      "iou_threshold": 0.5
    },
    "losses": {
      "detection_loss": 0.8542896389748993,
      "iou_loss": 0.2010519637998226,
      "fragmentation_loss": 0.23407717340771728,
      "mota_loss": 1.2018168426221458,
      "combined_loss": 0.4722545967522217
    }
  },
  "D-FINE Detections only": {
    "metrics": {
      "total_frames": 956,
      "total_gt_detections": 4073,
      "total_pred_detections": 7841,
      "true_positives": 3130,
      "false_positives": 4711,
      "false_negatives": 943,
      "precision": 0.3991837775793904,
      "recall": 0.7684753253130371,
      "f1_score": 0.5254322645626993,
      "mota": -0.38816597102872574,
      "avg_iou": 0.7885247739303518,
      "unique_pred_ids": 11,
      "avg_pred_per_frame": 8.201882845188285,
      "fragmentation_ratio": 1.3411554648641755,
      "iou_threshold": 0.5
    },
    "losses": {
      "detection_loss": 0.8323408971075725,
      "iou_loss": 0.2114752260696482,
      "fragmentation_loss": 0.254374286801065,
      "mota_loss": 1.3881659710287257,
      "combined_loss": 0.47269121270424297
    }
  },
  "MOTRv2 + YOLOX (Vanilla)": {
    "metrics": {
      "total_frames": 956,
      "total_gt_detections": 4073,
      "total_pred_detections": 8574,
      "true_positives": 3320,
      "false_positives": 5254,
      "false_negatives": 753,
      "precision": 0.3872171681828785,
      "recall": 0.8151239872329978,
      "f1_score": 0.5250256977939433,
      "mota": -0.4748342744905476,
      "avg_iou": 0.7975553704728942,
      "unique_pred_ids": 29,
      "avg_pred_per_frame": 8.968619246861925,
      "fragmentation_ratio": 3.233496617681362,
      "iou_threshold": 0.5
    },
    "losses": {
      "detection_loss": 0.7976588445841237,
      "iou_loss": 0.20244462952710585,
      "fragmentation_loss": 0.6907372673495888,
      "mota_loss": 1.4748342744905476,
      "combined_loss": 0.5870181068966579
    }
  },
  "MOTRv2 + D-FINE (Vanilla)": {
    "metrics": {
      "total_frames": 147,
      "total_gt_detections": 613,
      "total_pred_detections": 1453,
      "true_positives": 146,
      "false_positives": 1307,
      "false_negatives": 467,
      "precision": 0.10048176187198898,
      "recall": 0.23817292006525284,
      "f1_score": 0.14133591481122945,
      "mota": -1.8939641109298533,
      "avg_iou": 0.720909490751273,
      "unique_pred_ids": 149,
      "avg_pred_per_frame": 9.884353741496598,
      "fragmentation_ratio": 15.074328974535444,
      "iou_threshold": 0.5
    },
    "losses": {
      "detection_loss": 1.6613453180627582,
      "iou_loss": 0.279090509248727,
      "fragmentation_loss": 0.9336620554261973,
      "mota_loss": 2.8939641109298533,
      "combined_loss": 1.0283638966275805
    }
  },
  "MOTRv2 + YOLOX (Finetuned)": {
    "metrics": {
      "total_frames": 956,
      "total_gt_detections": 4073,
      "total_pred_detections": 7420,
      "true_positives": 3356,
      "false_positives": 4064,
      "false_negatives": 717,
      "precision": 0.4522911051212938,
      "recall": 0.823962681070464,
      "f1_score": 0.5840076568345949,
      "mota": -0.1738276454701695,
      "avg_iou": 0.8009289887691974,
      "unique_pred_ids": 15,
      "avg_pred_per_frame": 7.7615062761506275,
      "fragmentation_ratio": 1.9326145552560647,
      "iou_threshold": 0.5
    },
    "losses": {
      "detection_loss": 0.7237462138082422,
      "iou_loss": 0.19907101123080262,
      "fragmentation_loss": 0.48256624825662486,
      "mota_loss": 1.1738276454701695,
      "combined_loss": 0.4939896633695251
    }
  },
  "MOTRv2 + D-FINE (Finetuned)": {
    "metrics": {
      "total_frames": 934,
      "total_gt_detections": 3985,
      "total_pred_detections": 584562,
      "true_positives": 867,
      "false_positives": 583695,
      "false_negatives": 3118,
      "precision": 0.0014831617518757635,
      "recall": 0.2175658720200753,
      "f1_score": 0.0029462387880662038,
      "mota": -146.25545796737768,
      "avg_iou": 0.7331045632038271,
      "unique_pred_ids": 2163,
      "avg_pred_per_frame": 625.8693790149892,
      "fragmentation_ratio": 3.4559926919642403,
      "iou_threshold": 0.5
    },
    "losses": {
      "detection_loss": 1.780950966228049,
      "iou_loss": 0.2668954367961729,
      "fragmentation_loss": 0.7106475362852569,
      "mota_loss": 147.25545796737768,
      "combined_loss": 1.0056432784156486
    }
  }
}